,carat,cut,color,clarity,depth,table,price,x,y,z
1389,0.24,Ideal,G,VVS1,62.1,56.0,559,3.97,4.0,2.47
50053,0.58,Very Good,F,VVS2,60.0,57.0,2201,5.44,5.42,3.26
41646,0.4,Ideal,E,VVS2,62.1,55.0,1238,4.76,4.74,2.95
42378,0.43,Premium,E,VVS2,60.8,57.0,1304,4.92,4.89,2.98
17245,1.55,Ideal,E,SI2,62.3,55.0,6901,7.44,7.37,4.61
1609,1.0,Fair,E,SI2,55.4,62.0,3011,6.63,6.59,3.66
46399,0.51,Ideal,F,VS1,60.2,56.0,1765,5.22,5.24,3.15
45494,0.52,Ideal,D,VS2,62.0,56.0,1679,5.17,5.19,3.21
49386,0.62,Premium,E,VS2,60.0,59.0,2102,5.58,5.56,3.34
10461,1.14,Ideal,H,SI1,60.3,57.0,4789,6.79,6.85,4.11
34244,0.4,Ideal,D,SI2,62.8,56.0,855,4.73,4.7,2.96
24773,1.83,Very Good,E,SI2,62.8,56.0,13134,7.76,7.82,4.89
42988,0.6,Fair,F,SI1,55.3,63.0,1367,5.67,5.61,3.12
51712,0.7,Very Good,F,SI1,63.5,56.0,2401,5.58,5.66,3.57
43778,0.53,Good,H,IF,61.2,65.0,1440,5.16,5.27,3.19
22233,1.55,Ideal,I,VS1,61.2,55.0,10286,7.49,7.47,4.58
1320,0.98,Fair,F,SI2,61.6,66.0,2958,6.46,6.24,3.92
43220,0.4,Ideal,E,VVS1,62.6,56.0,1397,4.73,4.7,2.95
21844,1.5,Very Good,F,SI1,62.8,56.0,9904,7.26,7.33,4.58
53627,0.35,Very Good,I,VS1,60.7,62.0,552,4.53,4.59,2.77
27498,2.07,Premium,I,VS2,61.2,58.0,18193,8.18,8.2,5.01
36555,0.4,Premium,E,SI1,60.9,60.0,945,4.77,4.75,2.9
21056,0.31,Ideal,F,VS2,61.9,55.0,625,4.31,4.35,2.68
23029,0.3,Ideal,H,VVS2,61.7,54.2,631,4.32,4.35,2.67
5537,0.91,Ideal,H,SI2,60.6,57.0,3854,6.3,6.26,3.81
43435,0.53,Ideal,E,SI1,61.4,56.0,1415,5.21,5.24,3.21
38523,0.34,Ideal,E,VS1,60.8,57.0,1033,4.53,4.49,2.74
24965,2.02,Ideal,F,SI2,62.7,57.0,13453,8.07,7.93,5.03
19772,1.04,Ideal,D,VS1,59.1,56.0,8341,6.65,6.59,3.91
40272,0.23,Ideal,F,VS2,61.8,55.0,493,3.93,3.96,2.43
8474,1.01,Ideal,F,SI2,62.5,55.0,4416,6.39,6.4,4.0
43497,0.54,Premium,E,SI1,61.4,60.0,1422,5.21,5.25,3.21
23559,2.01,Very Good,J,SI1,63.4,57.0,11566,7.97,7.89,5.03
46751,0.51,Good,G,VVS2,63.3,58.0,1800,5.04,5.07,3.2
49728,0.5,Very Good,F,VVS2,62.8,55.0,2153,5.0,5.13,3.18
34923,0.3,Ideal,J,VS1,62.6,53.0,373,4.28,4.32,2.69
31850,0.3,Ideal,F,VS2,60.9,56.0,776,4.35,4.32,2.64
47713,0.5,Very Good,G,VVS1,63.3,53.0,1885,5.06,5.09,3.21
48447,0.51,Very Good,G,VVS2,63.1,58.0,1974,5.11,5.07,3.21
27597,2.09,Premium,H,VS2,62.2,58.0,18443,8.17,8.12,5.06
50091,0.62,Ideal,G,VS1,60.7,55.0,2206,5.55,5.59,3.38
45997,0.53,Very Good,D,SI1,60.0,59.8,1724,5.25,5.26,3.15
34231,0.4,Premium,E,SI2,61.4,59.0,855,4.75,4.7,2.9
26269,2.0,Very Good,H,SI1,62.2,57.0,15745,7.97,8.08,4.99
1633,0.7,Ideal,E,VS1,62.7,57.0,3016,5.65,5.7,3.56
30201,0.42,Good,F,SI1,63.1,56.0,722,4.79,4.82,3.03
24573,1.6,Ideal,F,SI1,61.0,57.0,12871,7.54,7.6,4.62
23578,1.5,Premium,F,SI1,61.4,59.0,11588,7.34,7.31,4.5
27240,2.52,Good,G,SI2,63.7,59.0,17608,8.57,8.52,5.44
18520,1.35,Very Good,H,VS2,62.3,57.0,7549,7.06,7.12,4.42
36084,0.33,Ideal,G,IF,61.9,56.0,925,4.43,4.47,2.75
20869,1.41,Good,H,VS2,63.8,60.0,9088,7.04,7.12,4.52
3752,0.78,Ideal,D,SI2,61.4,57.0,3454,5.91,5.94,3.64
16972,1.01,Very Good,G,VS1,58.8,58.0,6777,6.52,6.61,3.86
9527,0.9,Very Good,H,VVS2,61.8,60.0,4617,6.11,6.15,3.79
14937,1.23,Ideal,J,VS2,61.2,57.0,6015,6.93,6.88,4.23
6917,0.9,Premium,G,VS2,62.0,60.0,4137,6.19,6.14,3.82
28650,0.31,Very Good,I,VS2,62.3,57.0,435,4.32,4.35,2.7
5877,0.91,Good,F,SI1,63.7,58.0,3924,6.09,6.02,3.86
46505,0.56,Ideal,F,VS2,60.8,56.0,1778,5.33,5.3,3.23
52125,0.91,Premium,E,I1,59.6,59.0,2464,6.29,6.32,3.76
31328,0.3,Very Good,E,VVS2,62.4,57.0,759,4.28,4.31,2.68
26154,2.18,Premium,J,VS2,60.1,58.0,15465,8.46,8.41,5.07
1415,1.06,Premium,I,SI2,61.5,57.0,2968,6.57,6.49,4.02
34533,0.3,Ideal,F,VVS1,62.1,55.0,868,4.31,4.32,2.68
43947,0.32,Ideal,E,SI1,62.2,54.0,516,4.38,4.4,2.73
709,0.68,Premium,F,VVS2,61.7,57.0,2854,5.67,5.64,3.49
46869,0.53,Ideal,G,VS1,62.7,55.0,1813,5.18,5.16,3.24
45182,0.51,Ideal,G,VS1,62.7,56.0,1656,5.08,5.1,3.19
2594,0.64,Ideal,F,VVS2,60.9,56.0,3217,5.57,5.59,3.4
8179,1.05,Ideal,J,SI2,61.3,56.0,4364,6.56,6.59,4.03
44327,0.33,Very Good,H,VS2,62.8,59.0,521,4.38,4.44,2.77
9354,1.07,Premium,G,SI2,62.1,59.0,4584,6.54,6.48,4.04
25127,2.02,Premium,E,SI2,59.9,58.0,13677,8.18,8.14,4.89
42132,0.53,Ideal,F,SI2,63.0,54.0,1279,5.24,5.19,3.29
38423,0.39,Premium,E,VS1,59.6,60.0,1026,4.72,4.75,2.82
25561,2.1,Premium,I,VS2,60.7,61.0,14394,8.28,8.27,5.02
53409,0.7,Premium,F,VS1,61.7,60.0,2669,5.67,5.64,3.49
22906,1.51,Very Good,G,SI1,61.5,54.0,10947,7.35,7.42,4.54
22530,1.51,Premium,E,SI2,60.6,59.0,10570,7.47,7.41,4.51
34239,0.4,Premium,D,SI2,61.9,58.0,855,4.73,4.71,2.92
30706,0.3,Ideal,G,VVS1,61.4,56.0,737,4.32,4.34,2.66
46351,0.5,Ideal,E,VS1,61.9,54.1,1759,5.09,5.15,3.17
38913,0.33,Good,G,IF,57.9,60.0,1052,4.57,4.55,2.64
5573,1.14,Premium,J,SI2,60.4,59.0,3861,6.8,6.74,4.09
39483,0.41,Ideal,E,VS1,62.7,57.0,1079,4.72,4.76,2.97
27364,0.28,Premium,E,VVS2,60.1,59.0,646,4.22,4.26,2.55
51897,0.78,Ideal,F,SI2,59.7,57.0,2431,6.01,5.98,3.58
23823,1.7,Premium,I,VS2,62.2,58.0,11888,7.65,7.6,4.74
52802,0.6,Ideal,G,IF,62.0,55.0,2570,5.39,5.44,3.36
17156,1.09,Ideal,E,SI1,61.8,55.0,6849,6.65,6.58,4.09
53441,0.81,Ideal,E,SI2,61.4,57.0,2673,6.0,5.97,3.68
44535,0.5,Very Good,G,VS1,61.9,59.0,1603,5.06,5.08,3.14
2009,0.9,Ideal,J,SI1,62.6,54.0,3102,6.16,6.23,3.88
13059,1.01,Very Good,E,SI1,62.8,57.0,5411,6.35,6.39,4.0
47660,0.23,Very Good,E,VVS1,61.1,60.0,530,3.95,4.01,2.43
36716,0.41,Premium,E,SI2,61.7,58.0,953,4.8,4.76,2.95
39881,0.42,Ideal,G,VVS2,62.4,55.0,1103,4.82,4.79,3.0
8511,1.03,Fair,G,SI1,64.7,63.0,4424,6.36,6.31,4.1
45843,0.5,Good,G,VVS2,63.8,56.0,1715,5.03,5.06,3.22
30189,0.35,Ideal,E,VS2,63.5,54.0,722,4.48,4.43,2.83
7181,1.01,Very Good,G,SI1,63.3,57.0,4185,6.37,6.35,4.02
49280,0.54,Good,F,VS1,63.7,55.0,2090,5.16,5.11,3.27
12681,1.09,Ideal,F,SI2,62.0,56.0,5306,6.62,6.58,4.09
33613,0.31,Good,D,SI2,63.9,57.0,462,4.28,4.33,2.75
26449,1.55,Premium,D,VS2,61.5,58.0,15991,7.48,7.51,4.61
2730,0.31,Ideal,D,SI1,61.7,55.0,565,4.37,4.41,2.71
36257,0.41,Ideal,E,VS2,62.1,56.0,935,4.74,4.76,2.95
35987,0.42,Very Good,H,VVS2,62.9,56.0,921,4.75,4.79,3.0
29307,0.25,Ideal,G,VS1,62.3,54.0,438,4.05,4.11,2.54
9988,1.12,Premium,I,SI1,60.8,57.0,4704,6.76,6.7,4.09
30240,0.33,Ideal,E,VS2,62.3,57.0,723,4.37,4.43,2.74
50378,0.44,Good,D,VVS1,59.2,57.0,2250,4.96,5.0,2.95
51116,0.7,Very Good,G,VS2,63.4,58.0,2338,5.63,5.57,3.55
10440,1.0,Good,D,SI1,65.1,54.0,4786,6.23,6.27,4.07
12669,1.01,Premium,H,VS2,61.5,59.0,5303,6.48,6.49,3.99
17842,1.7,Ideal,H,I1,62.6,54.0,7197,7.63,7.58,4.77
3800,1.0,Good,I,SI2,63.9,60.0,3465,6.26,6.3,4.01
4919,0.7,Ideal,G,VVS2,61.6,57.0,3725,5.74,5.71,3.53
52397,0.58,Ideal,F,VVS2,62.2,56.0,2509,5.32,5.35,3.32
13207,1.11,Ideal,H,SI1,61.6,56.0,5456,6.69,6.65,4.11
26518,1.74,Very Good,G,VS2,62.9,57.0,16169,7.64,7.68,4.82
21505,1.02,Ideal,F,VVS2,62.3,58.0,9598,6.42,6.45,4.01
21230,1.6,Ideal,I,SI1,62.0,55.0,9376,7.53,7.59,4.69
13374,0.24,Ideal,F,VS2,62.2,57.0,419,3.96,4.01,2.48
34501,0.42,Good,I,VVS1,59.2,61.0,867,4.88,4.91,2.9
28577,0.3,Ideal,H,VS1,62.5,56.0,675,4.27,4.24,2.66
38517,0.37,Ideal,G,IF,62.4,56.0,1033,4.6,4.64,2.88
29435,0.42,Good,H,SI1,63.2,58.0,700,4.77,4.79,3.02
8369,1.0,Good,E,SI2,63.5,54.0,4400,6.35,6.41,4.05
37592,0.24,Very Good,E,VVS2,62.5,58.0,485,3.96,4.01,2.49
8881,1.02,Ideal,J,VS2,62.0,56.0,4485,6.42,6.45,3.99
38732,0.4,Ideal,G,VVS1,62.4,54.0,1043,4.73,4.75,2.96
13400,0.32,Very Good,F,VS2,63.0,57.0,602,4.33,4.37,2.74
39084,0.31,Ideal,E,IF,61.9,56.0,1060,4.35,4.37,2.7
42611,0.32,Ideal,H,VS2,62.1,56.0,505,4.37,4.42,2.73
41819,0.43,Ideal,F,VVS2,61.9,56.0,1250,4.87,4.82,3.0
6995,1.06,Premium,F,SI1,61.9,59.0,4155,6.57,6.52,4.05
43623,0.57,Very Good,G,SI1,61.1,57.0,1433,5.32,5.35,3.26
48091,1.0,Premium,H,I1,60.4,61.0,1932,6.39,6.32,3.84
18886,1.0,Premium,E,VS1,60.4,59.0,7744,6.51,6.54,3.94
51709,0.8,Fair,G,SI2,67.1,56.0,2400,5.76,5.73,3.85
32691,0.31,Very Good,G,VS1,63.1,59.0,802,4.29,4.27,2.7
18274,2.03,Premium,H,I1,59.4,59.0,7421,8.31,8.22,4.91
9315,1.11,Ideal,H,SI2,62.7,57.0,4578,6.59,6.66,4.14
45634,0.25,Very Good,G,VVS1,61.7,56.0,525,4.07,4.09,2.51
13115,1.02,Premium,E,SI1,62.8,58.0,5429,6.45,6.39,4.03
23826,1.54,Premium,F,SI1,60.9,59.0,11897,7.56,7.46,4.57
32105,0.33,Ideal,D,VS2,62.1,55.0,781,4.43,4.46,2.76
42226,0.39,Premium,F,VVS1,62.7,57.0,1290,4.68,4.64,2.92
15976,1.27,Ideal,I,VS1,62.8,57.0,6396,6.86,6.89,4.32
47933,0.56,Premium,E,VS2,61.4,61.0,1915,5.31,5.28,3.25
26196,2.01,Ideal,H,SI2,60.1,57.0,15562,8.24,8.2,4.94
38922,0.33,Ideal,G,IF,61.9,54.0,1052,4.46,4.42,2.75
53727,0.72,Premium,D,VS2,61.0,59.0,2721,5.77,5.74,3.51
30215,0.33,Ideal,E,VS2,62.3,56.0,723,4.46,4.47,2.78
1222,0.81,Ideal,I,VS2,61.8,56.0,2939,6.02,5.99,3.71
50747,0.81,Fair,I,VS1,66.5,53.0,2297,5.76,5.83,3.86
24794,1.31,Ideal,G,VVS2,60.3,56.0,13168,7.09,7.15,4.29
24281,1.58,Premium,F,SI1,61.4,61.0,12512,7.48,7.45,4.58
16108,1.23,Ideal,H,SI1,61.0,56.0,6439,6.96,6.92,4.23
22350,2.01,Premium,J,VS2,58.6,61.0,10401,8.18,8.14,4.78
40804,0.41,Good,E,VVS1,60.4,61.0,1169,4.76,4.81,2.89
49528,0.52,Ideal,F,VS1,61.3,56.0,2123,5.19,5.22,3.19
45402,0.55,Ideal,H,VVS2,60.7,55.0,1668,5.32,5.34,3.24
13132,1.05,Premium,E,SI1,61.2,58.0,5433,6.57,6.53,4.01
49218,1.06,Very Good,G,I1,60.7,63.0,2080,6.59,6.56,3.99
8781,1.0,Premium,H,SI1,62.7,60.0,4469,6.3,6.24,3.93
7480,1.0,Ideal,I,SI1,62.8,56.0,4237,6.33,6.38,3.99
28991,0.34,Premium,F,VS2,59.2,60.0,686,4.56,4.6,2.71
19635,1.54,Ideal,I,SI2,62.0,59.0,8254,7.33,7.38,4.56
23003,1.47,Very Good,G,VS2,62.7,56.0,11060,7.15,7.18,4.49
45423,0.55,Ideal,E,SI1,61.4,55.0,1668,5.29,5.26,3.24
17824,1.08,Ideal,G,VS2,62.3,54.0,7187,6.59,6.61,4.11
18623,1.09,Very Good,F,VS1,62.9,58.0,7598,6.51,6.55,4.11
35109,0.3,Ideal,F,IF,62.1,57.0,886,4.27,4.3,2.66
2361,0.9,Ideal,J,VS1,62.5,55.0,3175,6.18,6.14,3.85
33260,0.37,Good,D,VS1,62.1,54.0,825,4.67,4.73,2.92
27380,0.35,Very Good,H,SI1,63.2,57.0,647,4.51,4.48,2.84
1282,0.81,Ideal,H,SI1,62.3,58.0,2951,5.95,5.96,3.71
15704,0.24,Very Good,F,VVS2,61.8,56.0,608,4.01,4.04,2.48
36199,0.42,Ideal,F,SI1,61.5,55.0,931,4.82,4.84,2.97
35580,0.35,Ideal,F,VS2,62.4,57.0,906,4.51,4.5,2.81
49986,0.74,Good,F,SI2,59.3,61.0,2190,5.87,5.97,3.51
28896,0.3,Very Good,G,VVS2,61.3,58.0,684,4.28,4.34,2.64
49472,0.64,Very Good,E,VS2,63.4,54.0,2114,5.52,5.49,3.49
1247,0.85,Good,G,SI1,64.9,56.0,2945,5.95,5.98,3.87
39823,0.3,Premium,E,IF,60.1,60.0,1097,4.32,4.3,2.59
36629,0.29,Very Good,H,VVS1,62.0,55.0,478,4.24,4.27,2.64
39484,0.41,Ideal,E,VS1,61.7,57.0,1079,4.76,4.8,2.95
15732,1.51,Fair,H,SI2,64.5,59.0,6291,7.21,7.15,4.63
41820,0.6,Ideal,G,SI2,59.1,56.0,1250,5.58,5.52,3.28
15036,0.3,Ideal,F,VS2,61.9,55.0,605,4.31,4.32,2.67
22262,1.09,Ideal,E,VVS2,61.6,56.0,10314,6.6,6.64,4.08
25783,2.01,Premium,I,SI1,60.1,59.0,14752,8.21,8.15,4.92
16672,1.26,Premium,H,SI1,62.2,58.0,6664,6.93,6.87,4.29
31167,0.41,Good,E,SI1,63.9,58.0,755,4.7,4.72,3.01
12950,0.9,Very Good,E,SI1,61.4,56.0,5387,6.19,6.23,3.81
20629,1.0,Premium,F,VVS2,60.6,54.0,8924,6.56,6.52,3.96
10811,1.0,Very Good,E,SI1,62.1,57.0,4864,6.35,6.4,3.96
31744,0.4,Ideal,D,SI1,62.1,56.0,772,4.7,4.74,2.93
11646,1.14,Very Good,H,VS2,59.9,57.0,5053,6.78,6.81,4.07
38462,0.38,Very Good,F,VVS1,63.8,58.0,1030,4.58,4.61,2.93
52432,0.7,Very Good,H,VS2,63.0,55.4,2513,5.67,5.7,3.58
36214,0.36,Premium,G,VS1,61.2,60.0,932,4.59,4.56,2.8
1976,0.8,Premium,E,SI1,62.9,60.0,3091,5.89,5.87,3.7
46583,0.55,Premium,E,VS2,60.5,58.0,1786,5.26,5.32,3.2
4741,0.92,Premium,E,SI2,61.8,59.0,3679,6.19,6.11,3.8
29065,0.4,Good,E,SI1,63.3,56.0,687,4.68,4.74,2.98
5206,1.04,Premium,G,SI1,60.3,58.0,3780,6.6,6.55,3.96
37453,0.35,Ideal,E,VS2,62.2,56.0,984,4.53,4.51,2.81
26613,2.11,Very Good,I,VS2,60.3,60.5,16363,8.22,8.29,4.98
22978,1.5,Very Good,H,VS2,60.7,61.0,11025,7.34,7.41,4.48
4880,0.9,Very Good,E,SI2,62.2,54.0,3715,6.13,6.21,3.84
41027,0.41,Ideal,E,VVS2,61.5,55.0,1187,4.79,4.83,2.96
39364,0.5,Premium,E,SI1,62.2,58.0,1073,5.03,4.87,3.1
44621,0.57,Very Good,G,VS2,62.6,55.0,1608,5.26,5.31,3.31
10454,1.0,Premium,H,SI1,62.1,56.0,4788,6.48,6.38,3.99
24785,2.75,Ideal,D,I1,60.9,57.0,13156,9.04,8.98,5.49
45436,0.58,Ideal,H,VS1,61.2,55.0,1671,5.39,5.42,3.31
12497,1.0,Very Good,E,SI1,59.6,60.0,5257,6.58,6.51,3.9
5056,0.31,Very Good,H,SI1,63.1,57.0,573,4.34,4.31,2.73
34853,0.3,Premium,G,VVS2,61.3,57.0,878,4.33,4.29,2.64
27997,0.3,Very Good,E,VS2,61.9,61.0,658,4.28,4.32,2.66
40729,0.51,Ideal,H,SI1,62.1,54.0,1161,5.13,5.15,3.19
12475,1.02,Ideal,H,SI1,60.8,58.0,5251,6.47,6.49,3.94
12692,0.26,Very Good,E,VVS2,61.7,60.0,599,4.11,4.12,2.54
1176,0.7,Ideal,E,SI1,60.1,57.0,2929,5.78,5.83,3.49
8146,0.96,Ideal,G,SI1,62.6,57.0,4355,6.28,6.24,3.92
28239,0.33,Ideal,G,VS1,61.4,54.0,666,4.44,4.48,2.74
2759,0.9,Good,G,SI1,64.2,58.0,3250,6.04,6.01,3.87
23358,0.3,Ideal,G,SI1,62.1,53.0,422,4.32,4.37,2.7
8248,1.04,Very Good,G,SI2,62.6,58.0,4375,6.42,6.49,4.04
46801,0.7,Premium,F,SI2,60.3,58.0,1806,5.79,5.76,3.48
36502,0.33,Very Good,E,VVS1,61.8,54.0,945,4.47,4.49,2.77
10318,1.03,Premium,D,SI2,61.3,61.0,4764,6.49,6.46,3.97
2808,0.72,Very Good,F,VS1,63.4,57.0,3264,5.68,5.7,3.61
20249,1.23,Ideal,F,VS1,61.3,57.0,8679,6.93,6.86,4.23
14607,1.21,Premium,J,VVS1,61.3,59.0,5893,6.81,6.86,4.19
22573,1.52,Fair,G,VS2,55.2,66.0,10623,7.72,7.67,4.26
35894,0.32,Ideal,G,IF,61.8,55.0,918,4.42,4.45,2.74
24027,1.54,Premium,H,IF,62.5,58.0,12196,7.33,7.38,4.6
40010,0.41,Ideal,F,VS2,62.7,56.0,1107,4.78,4.72,2.98
20268,1.74,Premium,J,SI2,59.7,57.0,8690,7.88,7.8,4.68
36787,0.34,Premium,E,VS2,58.8,59.0,956,4.59,4.56,2.69
2894,0.92,Fair,F,SI2,65.3,58.0,3282,6.08,6.04,3.96
41067,0.52,Ideal,F,SI2,62.1,55.0,1191,5.14,5.17,3.2
9168,0.98,Very Good,G,SI2,62.2,57.0,4542,6.33,6.37,3.95
14344,1.22,Ideal,I,SI1,60.2,57.0,5807,6.99,6.93,4.19
23743,2.0,Very Good,J,SI2,59.8,60.0,11792,8.09,8.13,4.85
39822,0.38,Ideal,E,VVS2,62.4,56.0,1097,4.69,4.63,2.91
46701,0.55,Premium,G,VS1,59.4,62.0,1792,5.36,5.32,3.17
27539,2.01,Premium,H,SI1,61.4,56.0,18295,8.19,8.13,5.01
40444,0.7,Premium,G,I1,61.6,56.0,1138,5.8,5.63,3.52
26996,2.01,Very Good,H,SI1,60.0,58.0,17095,8.16,8.25,4.92
50181,0.74,Very Good,H,SI2,62.1,58.0,2222,5.82,5.78,3.6
8900,0.79,Premium,E,VVS1,62.8,60.0,4490,5.89,5.8,3.67
20348,1.7,Ideal,I,SI2,60.7,59.0,8743,7.69,7.64,4.65
19019,2.11,Very Good,G,I1,63.2,57.0,7834,8.13,8.07,5.12
26301,1.72,Premium,G,VS2,61.1,58.0,15801,7.69,7.73,4.71
35034,0.4,Good,E,SI1,63.6,57.0,882,4.69,4.65,2.97
36570,0.42,Good,E,SI1,63.6,61.0,945,4.73,4.7,3.0
50522,0.7,Fair,G,VS2,57.3,63.0,2273,5.78,5.84,3.33
5247,1.0,Very Good,F,SI2,61.7,58.0,3789,6.32,6.36,3.91
8441,1.25,Premium,J,SI2,62.3,59.0,4410,6.86,6.82,4.26
39032,0.41,Ideal,I,VS2,61.2,56.0,1056,4.77,4.81,2.93
34346,0.39,Ideal,F,VS2,59.2,58.0,862,4.78,4.81,2.84
21394,1.51,Premium,H,SI1,62.0,58.0,9511,7.38,7.34,4.56
18028,1.02,Very Good,G,VVS2,61.3,59.0,7292,6.46,6.53,3.98
26147,2.0,Premium,H,SI2,59.7,61.0,15451,8.2,8.15,4.88
28847,0.41,Premium,D,SI2,62.4,60.0,683,4.71,4.77,2.96
14599,1.23,Good,H,SI1,63.9,56.0,5889,6.81,6.77,4.34
51089,0.7,Very Good,H,VS2,60.0,57.0,2335,5.74,5.8,3.46
7259,1.19,Premium,J,SI2,58.4,60.0,4198,6.98,6.92,4.06
6538,1.1,Ideal,E,SI2,59.4,54.0,4071,6.79,6.74,4.02
50031,0.72,Ideal,H,SI1,60.3,59.0,2197,5.77,5.83,3.5
51547,0.71,Ideal,I,VVS2,62.0,54.0,2387,5.72,5.76,3.56
28161,0.3,Ideal,H,VVS1,61.3,57.0,665,4.32,4.36,2.66
53815,0.77,Good,H,VVS2,64.3,57.9,2734,5.7,5.86,3.71
28042,0.38,Good,I,SI1,63.7,57.0,659,4.63,4.57,2.93
2464,0.7,Ideal,F,VVS2,62.0,55.0,3191,5.71,5.67,3.53
12957,1.0,Premium,H,VS1,61.5,57.0,5387,6.44,6.37,3.94
24865,1.52,Ideal,E,SI1,62.1,56.0,13280,7.35,7.38,4.57
32413,0.41,Ideal,D,SI1,61.7,54.0,791,4.78,4.79,2.95
18693,0.29,Ideal,E,VS2,60.1,56.0,619,4.3,4.34,2.6
38130,0.3,Premium,G,VVS1,62.1,56.0,1013,4.31,4.29,2.67
32378,0.3,Fair,G,VVS1,58.6,66.0,790,4.36,4.41,2.57
48905,0.5,Very Good,F,VVS2,61.9,59.0,2041,5.07,5.11,3.15
22553,1.52,Ideal,H,SI1,61.5,58.0,10589,7.4,7.36,4.54
23147,1.02,Premium,E,VVS1,61.5,59.0,11163,6.46,6.41,3.96
34188,0.33,Ideal,G,VS1,62.3,57.0,854,4.42,4.38,2.74
34084,0.36,Ideal,D,VS2,61.1,57.0,852,4.58,4.62,2.81
18501,1.5,Premium,G,SI1,62.3,60.0,7535,7.27,7.17,4.5
1656,0.73,Very Good,F,SI1,61.3,56.0,3023,5.78,5.84,3.56
9842,1.08,Ideal,G,SI2,61.9,58.0,4675,6.55,6.57,4.06
9070,1.13,Premium,G,SI2,60.0,61.0,4518,6.78,6.71,4.05
27712,0.36,Premium,I,VS2,62.7,59.0,648,4.58,4.54,2.86
50822,0.72,Good,E,SI2,57.9,56.0,2308,5.93,5.85,3.41
39947,0.24,Good,F,VVS1,64.8,57.0,492,3.9,3.94,2.54
5568,0.8,Ideal,F,VS1,61.2,56.0,3860,5.98,6.01,3.67
7965,1.09,Very Good,D,SI2,59.2,63.0,4322,6.71,6.67,3.96
34033,0.4,Very Good,D,VS2,59.3,58.0,850,4.8,4.85,2.86
11750,1.07,Ideal,F,SI2,62.0,56.0,5077,6.51,6.55,4.09
37468,0.42,Ideal,G,VS1,62.7,54.0,984,4.83,4.8,3.02
34727,0.41,Ideal,E,VS2,62.3,54.0,875,4.74,4.8,2.97
7723,0.26,Premium,E,VS2,62.1,56.0,580,4.13,4.11,2.56
23353,0.3,Ideal,I,SI1,61.9,57.0,422,4.29,4.31,2.66
25385,1.5,Premium,F,VS2,61.5,58.0,14071,7.34,7.36,4.52
52542,0.71,Premium,H,VS2,62.8,56.0,2531,5.75,5.68,3.59
9585,1.0,Very Good,D,SI2,63.2,57.0,4628,6.24,6.32,3.97
5188,0.9,Premium,G,SI1,62.7,58.0,3774,6.13,6.08,3.83
1373,0.85,Very Good,E,SI2,63.1,58.0,2966,6.02,6.0,3.79
18906,1.52,Premium,J,VS2,62.0,59.0,7758,7.28,7.31,4.52
13803,1.21,Ideal,H,SI2,62.6,56.0,5624,6.84,6.77,4.26
31688,0.26,Ideal,D,VVS2,61.4,56.0,769,4.15,4.12,2.54
27392,1.54,Ideal,F,VS1,60.5,56.0,17949,7.52,7.49,4.54
41844,0.35,Ideal,E,IF,62.2,56.0,1254,4.52,4.51,2.81
34964,0.31,Premium,E,SI1,62.7,58.0,471,4.32,4.35,2.72
21366,0.42,Ideal,F,SI2,61.7,54.0,626,4.85,4.87,3.0
41462,0.41,Ideal,G,VVS1,62.1,55.0,1230,4.79,4.74,2.96
10389,0.31,Ideal,G,SI1,62.2,55.0,593,4.38,4.36,2.72
45131,0.52,Very Good,E,VS2,62.5,58.0,1653,5.13,5.18,3.22
8940,1.01,Premium,F,SI2,62.6,60.0,4497,6.37,6.35,3.98
30787,0.3,Very Good,D,VS1,62.2,58.0,742,4.25,4.27,2.65
36615,0.34,Premium,E,SI2,62.4,59.0,477,4.42,4.46,2.77
53074,0.71,Ideal,F,SI1,61.5,56.0,2610,5.69,5.76,3.52
44124,0.5,Premium,E,VS2,62.0,58.0,1559,5.07,5.09,3.15
28010,0.3,Premium,E,VS2,60.7,59.0,658,4.3,4.33,2.62
16963,1.12,Ideal,G,VS2,62.2,54.0,6774,6.65,6.62,4.13
19574,1.51,Ideal,J,VS2,61.5,56.0,8203,7.37,7.4,4.54
2673,0.71,Ideal,E,VS1,60.4,56.0,3238,5.8,5.85,3.52
50767,0.75,Ideal,J,VS1,62.9,57.0,2300,5.74,5.81,3.63
10128,1.11,Ideal,H,SI2,62.6,56.0,4719,6.58,6.65,4.14
26965,1.71,Premium,G,VS1,62.3,58.0,17041,7.61,7.65,4.75
8322,1.0,Premium,E,SI2,60.6,61.0,4390,6.44,6.39,3.89
15200,1.21,Ideal,F,SI2,61.8,57.0,6105,6.87,6.82,4.23
24781,1.71,Very Good,F,SI1,63.3,53.0,13152,7.54,7.59,4.79
2886,0.71,Very Good,G,VVS2,62.8,58.0,3281,5.69,5.75,3.59
1902,0.76,Ideal,E,VS2,61.3,56.0,3079,5.79,5.83,3.56
50172,0.71,Very Good,I,VS2,61.4,56.0,2219,5.73,5.79,3.53
25813,2.19,Very Good,I,SI1,62.6,58.0,14819,8.24,8.33,5.19
21760,1.5,Ideal,I,VS2,60.0,61.0,9827,7.39,7.42,4.44
11476,1.0,Good,D,SI1,64.8,58.0,5013,6.23,6.27,4.05
6690,1.2,Very Good,J,SI2,61.8,56.0,4102,6.81,6.85,4.22
28176,0.35,Ideal,F,VS1,62.4,55.0,665,4.49,4.52,2.81
25696,0.4,Fair,D,SI1,65.1,55.0,644,4.63,4.68,3.03
38729,0.4,Ideal,G,VVS1,62.1,53.0,1043,4.75,4.79,2.96
24419,1.64,Premium,F,SI1,62.8,59.0,12670,7.53,7.51,4.72
48179,0.54,Ideal,H,VVS1,61.7,57.0,1944,5.24,5.23,3.23
2631,0.74,Premium,E,VS2,62.7,58.0,3228,5.77,5.72,3.6
10425,1.24,Ideal,J,SI2,60.1,57.0,4783,7.02,6.98,4.21
34741,0.32,Ideal,F,VS1,61.9,55.0,876,4.41,4.4,2.73
51950,0.71,Very Good,E,SI1,63.1,59.0,2441,5.75,5.62,3.59
27276,2.0,Very Good,G,SI1,63.0,55.0,17724,7.96,8.1,5.06
33036,0.32,Ideal,G,VVS1,61.7,56.0,814,4.4,4.42,2.72
31448,0.4,Ideal,I,SI1,61.6,56.0,765,4.74,4.68,2.9
7482,0.91,Premium,H,VS2,61.8,60.0,4238,6.22,6.18,3.83
23859,1.5,Good,E,SI1,63.9,54.0,11948,7.26,7.2,4.62
36663,0.31,Ideal,D,VVS1,62.3,54.0,949,4.36,4.4,2.73
4466,0.7,Very Good,D,VVS2,62.3,56.0,3622,5.66,5.7,3.54
18776,1.02,Premium,F,VS1,62.7,55.0,7677,6.43,6.37,4.01
46398,0.54,Ideal,E,VS2,62.4,56.0,1765,5.23,5.19,3.25
34848,0.3,Ideal,G,VVS2,61.5,56.0,878,4.34,4.31,2.66
13753,1.0,Premium,F,VS2,59.9,60.0,5606,6.11,6.07,3.65
14775,1.01,Premium,G,VS2,61.8,59.0,5946,6.45,6.4,3.97
17681,1.01,Premium,F,VS1,62.4,61.0,7127,6.39,6.36,3.98
14527,1.01,Premium,G,VS2,62.1,59.0,5864,6.43,6.38,3.98
12103,1.13,Ideal,I,VS2,62.2,55.0,5165,6.69,6.67,4.15
29974,0.32,Ideal,D,SI1,60.9,55.0,715,4.45,4.48,2.72
3266,0.7,Ideal,D,VS2,61.4,55.0,3360,5.71,5.75,3.52
26010,1.52,Ideal,E,VS2,62.2,57.0,15239,7.34,7.38,4.58
11579,1.2,Premium,H,SI2,62.4,61.0,5040,6.81,6.78,4.24
17347,1.72,Very Good,F,I1,60.5,59.0,6962,7.71,7.8,4.69
32421,0.41,Premium,D,SI1,61.4,58.0,791,4.76,4.78,2.93
3228,0.72,Ideal,G,VVS2,62.0,55.0,3352,5.72,5.76,3.56
33878,0.3,Premium,E,VS2,60.4,58.0,844,4.34,4.3,2.61
19686,0.32,Very Good,H,VS1,58.9,63.0,624,4.46,4.4,2.61
35281,0.35,Premium,I,SI1,62.5,58.0,472,4.49,4.53,2.82
22035,0.31,Premium,H,VS2,61.9,58.0,628,4.39,4.37,2.71
23882,1.31,Ideal,G,VVS2,61.3,58.0,11975,7.03,7.07,4.32
48822,0.7,Very Good,I,SI1,61.4,57.0,2028,5.72,5.75,3.52
25752,1.52,Ideal,G,VS2,61.4,56.0,14692,7.39,7.47,4.56
49441,0.74,Premium,G,SI2,62.8,57.0,2109,5.77,5.73,3.61
2966,1.01,Premium,F,SI2,60.9,60.0,3297,6.45,6.42,3.91
14342,1.02,Ideal,E,SI1,61.9,55.0,5806,6.49,6.46,4.01
53234,0.77,Good,D,SI2,63.8,58.0,2642,5.78,5.81,3.7
21988,1.2,Premium,E,VS1,60.7,57.0,10053,6.89,6.81,4.16
13934,1.2,Premium,H,SI1,61.8,58.0,5669,6.8,6.72,4.18
12470,1.2,Very Good,G,SI2,62.5,57.0,5250,6.73,6.84,4.24
50977,0.31,Very Good,E,SI1,58.3,60.0,544,4.48,4.51,2.62
53380,0.73,Ideal,E,SI1,60.1,56.0,2661,5.91,5.87,3.54
43512,0.51,Good,D,SI1,63.3,57.0,1423,5.06,5.09,3.21
19487,1.01,Premium,G,IF,63.0,60.0,8120,6.35,6.31,3.99
18277,1.17,Ideal,G,VS2,62.0,57.0,7423,6.74,6.78,4.19
40669,0.44,Premium,G,VVS2,60.9,57.0,1155,4.93,4.89,2.99
11027,0.91,Very Good,F,VS2,62.1,58.0,4917,6.19,6.24,3.86
12848,1.22,Good,J,VS1,58.5,61.0,5356,6.94,7.0,4.08
28087,0.3,Very Good,D,SI1,63.1,56.0,662,4.28,4.24,2.69
24621,1.51,Premium,G,VS1,62.4,60.0,12948,7.34,7.3,4.57
5867,1.01,Premium,G,SI2,63.0,59.0,3923,6.38,6.32,4.0
50269,0.55,Very Good,E,VVS2,60.8,55.0,2238,5.26,5.33,3.22
30935,0.24,Very Good,H,VVS2,61.9,57.0,449,3.97,4.01,2.47
17568,1.16,Ideal,G,VS2,62.3,57.0,7074,6.66,6.72,4.17
26742,2.2,Ideal,H,SI2,60.0,58.0,16530,8.47,8.5,5.09
2970,0.78,Very Good,D,VS2,58.5,56.0,3298,6.08,6.12,3.57
36080,0.37,Very Good,E,VS1,60.2,56.0,925,4.68,4.71,2.83
49916,0.7,Premium,F,SI1,62.6,55.0,2184,5.65,4.5,3.0
46037,0.57,Ideal,E,SI1,62.1,56.0,1728,5.33,5.3,3.3
26447,2.02,Very Good,F,SI1,62.8,59.0,15987,7.9,7.98,4.99
25502,1.51,Premium,F,VS2,62.0,60.0,14294,7.35,7.23,4.52
37965,0.41,Very Good,D,VS2,62.8,55.0,1007,4.7,4.73,2.96
39213,0.4,Very Good,E,VVS2,62.8,58.0,1066,4.68,4.71,2.95
13921,1.2,Very Good,G,SI1,63.2,59.0,5665,6.77,6.74,4.27
13253,1.1,Premium,H,SI1,60.7,59.0,5476,6.72,6.7,4.07
12759,1.0,Premium,G,VS2,60.8,60.0,5322,6.39,6.33,3.87
2669,0.72,Very Good,F,VS2,61.6,58.0,3238,5.75,5.78,3.55
19719,1.5,Very Good,I,SI1,63.1,59.0,8291,7.16,7.23,4.54
30977,0.37,Ideal,F,VS2,60.6,56.0,746,4.63,4.64,2.81
15395,1.2,Very Good,I,VS1,62.4,56.0,6167,6.78,6.74,4.22
17378,0.34,Premium,H,SI1,62.1,59.0,612,4.5,4.46,2.78
12164,1.13,Very Good,H,SI2,62.0,58.0,5179,6.67,6.71,4.15
37881,0.4,Very Good,G,VS1,63.4,56.0,1005,4.72,4.68,2.98
13250,1.2,Very Good,I,SI1,62.6,57.0,5476,6.74,6.77,4.23
645,0.81,Very Good,F,SI2,63.2,58.0,2843,5.91,5.92,3.74
53655,0.76,Ideal,D,SI2,62.2,57.0,2706,5.85,5.83,3.63
42837,0.41,Ideal,F,VVS1,62.3,53.0,1356,4.8,4.77,2.98
27746,2.0,Very Good,H,SI1,62.8,57.0,18803,7.95,8.0,5.01
53493,0.75,Premium,F,SI1,61.5,58.0,2683,5.83,5.87,3.6
6182,0.97,Premium,F,SI2,61.9,58.0,3993,6.35,6.31,3.92
32826,0.34,Ideal,E,VS1,60.8,57.0,805,4.49,4.53,2.74
13823,1.23,Premium,I,VS1,61.6,58.0,5632,6.9,6.84,4.23
16214,1.01,Very Good,E,VS2,63.1,56.0,6480,6.34,6.4,4.02
29326,0.31,Very Good,H,VS1,63.1,57.0,698,4.34,4.31,2.73
40653,0.54,Premium,H,SI1,61.0,58.0,1154,5.23,5.27,3.2
12738,1.11,Ideal,H,SI1,60.2,54.0,5315,6.82,6.7,4.07
38101,0.36,Ideal,E,VS2,61.2,56.0,1013,4.62,4.6,2.82
28338,0.33,Premium,G,VS1,61.3,58.0,666,4.42,4.45,2.72
52586,0.79,Good,D,SI2,63.9,56.0,2539,5.89,5.84,3.75
17462,1.0,Very Good,E,VS1,61.2,57.0,7002,6.43,6.47,3.95
9878,0.9,Very Good,F,VS2,62.6,58.0,4681,6.08,6.13,3.82
41383,0.42,Ideal,F,VVS2,61.6,56.0,1221,4.85,4.83,2.98
25637,2.15,Ideal,I,SI2,61.7,55.0,14519,8.43,8.24,5.14
21057,0.31,Premium,F,VS2,61.8,59.0,625,4.31,4.33,2.67
53744,0.74,Premium,F,SI1,62.3,61.0,2723,5.8,5.76,3.6
3223,0.77,Very Good,D,VS2,63.0,58.0,3351,5.81,5.85,3.67
33474,0.32,Ideal,F,VS2,61.1,57.0,828,4.44,4.4,2.7
21946,1.21,Premium,F,VS1,62.6,59.0,10018,6.81,6.76,4.25
5733,0.8,Ideal,E,SI1,61.0,57.0,3890,6.0,6.03,3.67
4789,1.0,Fair,E,SI1,66.5,55.0,3696,6.21,6.19,4.12
8386,0.35,Good,F,SI1,63.6,54.0,583,4.51,4.52,2.87
16248,1.01,Premium,G,VS1,62.3,59.0,6499,6.38,6.42,3.99
25903,2.19,Premium,I,SI2,60.8,60.0,15032,8.34,8.38,5.08
29236,0.43,Ideal,G,SI2,62.3,53.0,696,4.84,4.86,3.02
41122,0.58,Ideal,J,VS2,62.8,57.0,1196,5.33,5.28,3.33
36384,0.38,Premium,D,SI1,58.9,61.0,941,4.79,4.75,2.81
3026,0.66,Very Good,E,VVS1,61.8,55.0,3309,5.6,5.66,3.48
23879,1.82,Very Good,G,SI2,61.3,58.0,11971,7.83,7.94,4.83
51775,0.72,Ideal,H,SI2,61.3,55.0,2410,5.78,5.81,3.55
48971,0.36,Ideal,G,SI1,62.7,55.0,537,4.54,4.59,2.86
9770,1.11,Ideal,H,SI2,62.7,57.0,4662,6.66,6.59,4.14
30597,0.31,Premium,D,VS2,60.7,59.0,734,4.35,4.38,2.65
35877,0.48,Ideal,F,SI2,61.0,57.0,918,5.05,5.08,3.09
15839,1.01,Very Good,E,VS2,63.1,60.0,6335,6.3,6.26,3.96
17038,1.55,Ideal,J,SI2,62.0,56.0,6805,7.42,7.38,4.59
24305,1.51,Ideal,G,VS2,62.1,54.0,12551,7.34,7.31,4.55
33052,0.3,Ideal,F,VVS1,61.9,54.0,814,4.35,4.37,2.7
39157,0.36,Ideal,F,IF,60.3,57.0,1063,4.61,4.65,2.79
36857,0.5,Good,D,SI2,58.5,64.0,958,5.2,5.12,3.02
50890,0.59,Very Good,H,IF,61.7,56.0,2317,5.42,5.48,3.36
34681,0.36,Ideal,E,VVS2,62.1,56.0,873,4.53,4.58,2.83
34496,0.32,Ideal,F,VVS1,61.7,55.0,867,4.42,4.46,2.74
21408,1.02,Ideal,F,VVS2,61.1,56.3,9521,6.48,6.52,3.97
26335,2.01,Ideal,G,SI2,62.8,56.0,15841,8.07,8.02,5.05
52328,0.73,Premium,I,VVS2,60.6,58.0,2496,5.78,5.84,3.52
13910,1.01,Ideal,F,VS2,61.0,56.0,5662,6.44,6.4,3.94
53567,0.7,Premium,E,VS1,62.7,60.0,2695,5.64,5.59,3.52
32074,0.36,Very Good,F,VS1,61.3,54.0,781,4.63,4.65,2.84
43573,0.41,Premium,E,VVS1,60.7,58.0,1431,4.86,4.8,2.93
53593,0.7,Good,H,VVS2,58.9,61.5,2699,5.77,5.84,3.42
53445,0.71,Premium,E,SI1,60.3,60.0,2674,5.77,5.74,3.47
49583,0.71,Very Good,F,SI2,59.2,60.0,2134,5.85,5.91,3.48
31862,0.3,Ideal,H,VVS2,61.5,56.0,776,4.35,4.33,2.67
4266,0.78,Ideal,H,VVS2,62.1,56.0,3581,5.88,5.9,3.66
45807,0.5,Ideal,F,VS1,62.5,57.0,1710,5.06,5.09,3.17
30965,0.37,Ideal,F,SI1,61.6,56.0,746,4.61,4.65,2.85
45536,0.51,Ideal,D,SI1,60.4,55.0,1687,5.48,5.18,3.16
9938,0.9,Very Good,D,SI1,62.4,61.0,4693,6.13,6.17,3.84
28533,0.33,Ideal,I,IF,61.7,55.0,675,4.45,4.49,2.76
213,0.71,Ideal,F,VS2,62.1,54.0,2780,5.68,5.72,3.54
3929,0.9,Ideal,J,VS1,62.4,56.0,3498,6.15,6.18,3.85
81,0.26,Very Good,E,VVS1,63.4,59.0,554,4.0,4.04,2.55
16101,1.0,Good,G,SI1,59.9,58.0,6437,6.44,6.48,3.87
45869,0.51,Ideal,D,VS2,61.4,57.0,1716,5.13,5.16,3.16
22494,2.0,Good,D,SI2,63.8,57.0,10528,7.93,7.88,5.04
4163,0.92,Premium,D,SI2,62.5,59.0,3550,6.24,6.2,3.89
51122,0.71,Very Good,H,SI2,62.2,55.1,2339,5.7,5.72,3.55
22582,1.57,Ideal,I,SI1,62.2,56.0,10633,7.42,7.47,4.63
7134,1.0,Ideal,I,SI1,62.7,56.0,4174,6.33,6.37,3.98
34703,0.31,Ideal,F,IF,62.2,56.0,874,4.31,4.34,2.69
14952,1.2,Premium,I,VS1,62.8,56.0,6021,6.8,6.74,4.25
20549,1.13,Premium,G,VVS1,59.3,59.0,8868,6.87,6.79,4.05
5955,1.0,Good,G,SI2,63.8,56.0,3949,6.23,6.31,4.0
43138,0.56,Ideal,H,VS2,60.9,57.0,1388,5.32,5.36,3.25
43521,0.59,Ideal,F,SI1,62.0,53.0,1424,5.38,5.43,3.35
1793,0.7,Very Good,D,VS2,62.5,55.0,3052,5.65,5.71,3.55
14805,1.32,Premium,H,VS1,61.3,58.0,5958,7.09,7.01,4.32
39028,0.43,Ideal,G,VVS2,60.1,57.0,1056,4.88,4.91,2.94
32167,0.41,Ideal,H,SI2,61.7,56.0,787,4.8,4.77,2.95
27230,1.71,Ideal,G,VS1,62.2,55.0,17595,7.72,7.65,4.78
14992,1.23,Very Good,H,VS2,58.5,62.0,6039,6.98,7.0,4.09
22809,2.0,Premium,G,SI2,60.7,60.0,10833,8.13,8.07,4.92
53516,0.8,Fair,H,VS2,65.3,58.0,2686,5.78,5.73,3.76
48666,0.75,Ideal,J,VS2,61.5,54.0,2001,5.87,5.9,3.62
23282,1.5,Very Good,H,VVS2,62.7,58.0,11303,7.21,7.24,4.53
2955,0.83,Very Good,E,SI1,63.8,54.0,3295,5.96,6.04,3.83
48287,0.53,Ideal,E,VS2,62.3,57.0,1956,5.23,5.19,3.25
18926,1.5,Very Good,H,SI2,61.3,59.0,7774,7.38,7.41,4.53
49737,0.48,Ideal,F,IF,62.1,55.0,2154,5.0,5.05,3.12
13713,0.37,Ideal,H,VS2,61.7,55.0,603,4.64,4.67,2.87
37794,0.38,Ideal,E,VS1,61.6,56.0,1000,4.62,4.66,2.86
46519,0.53,Ideal,H,VVS1,61.3,56.0,1781,5.22,5.24,3.21
24268,1.71,Very Good,H,VS2,58.8,60.0,12493,7.8,7.85,4.6
17650,1.28,Ideal,H,SI1,61.8,57.0,7109,7.02,6.97,4.32
17516,1.04,Ideal,G,VS2,61.3,57.0,7044,6.53,6.56,4.01
37201,0.33,Ideal,F,VVS2,60.9,56.0,974,4.47,4.5,2.73
8450,1.01,Premium,H,SI2,60.3,60.0,4412,6.49,6.45,3.9
51395,0.71,Premium,D,SI2,62.8,57.0,2368,5.69,5.64,3.56
52209,0.61,Very Good,D,VS1,60.9,56.0,2481,5.49,5.51,3.35
37188,0.32,Ideal,D,VVS1,61.8,56.0,973,4.4,4.37,2.71
45327,0.32,Good,E,SI1,63.4,56.0,524,4.31,4.34,2.74
19891,1.2,Premium,G,VS1,60.2,60.0,8442,6.82,6.87,4.12
7475,1.0,Premium,F,SI1,60.8,59.0,4234,6.45,6.41,3.91
7802,1.02,Very Good,G,SI2,62.9,59.0,4291,6.38,6.4,4.02
49362,0.73,Good,J,VS2,60.8,63.0,2098,5.67,5.78,3.48
50541,0.53,Ideal,F,VVS2,61.4,56.0,2275,5.19,5.23,3.2
27484,2.2,Ideal,G,SI2,62.0,57.0,18168,8.31,8.27,5.14
46928,0.52,Premium,G,VS1,62.4,59.0,1815,5.16,5.13,3.21
33944,0.31,Ideal,H,SI1,61.5,55.0,464,4.39,4.42,2.71
9852,1.74,Very Good,H,I1,63.2,55.0,4677,7.62,7.59,4.8
7500,0.79,Ideal,E,VS1,62.0,56.0,4240,5.9,5.93,3.67
38409,0.35,Ideal,G,VVS2,62.1,56.0,1024,4.51,4.47,2.79
48573,0.59,Very Good,E,VS1,61.6,61.0,1993,5.34,5.37,3.3
43444,0.5,Premium,E,SI1,60.2,58.0,1415,5.18,5.15,3.11
38140,0.3,Premium,G,VVS1,62.8,58.0,1013,4.3,4.27,2.69
11512,1.01,Good,G,SI1,63.2,59.0,5021,6.32,6.36,4.01
46895,0.56,Ideal,F,VS2,62.6,55.0,1814,5.29,5.25,3.3
2494,0.91,Ideal,F,SI2,61.7,55.0,3196,6.27,6.2,3.85
9786,1.01,Very Good,I,VS2,62.3,60.0,4666,6.33,6.41,3.97
8323,1.13,Very Good,J,SI1,62.9,57.7,4391,6.6,6.64,4.16
21454,1.52,Very Good,F,SI2,62.1,58.0,9552,7.26,7.34,4.53
2192,0.79,Very Good,E,SI1,63.3,56.3,3138,5.85,5.88,3.71
43000,0.55,Ideal,D,SI2,61.3,57.0,1368,5.28,5.23,3.22
3336,1.01,Ideal,F,I1,62.2,54.0,3377,6.42,6.44,4.0
39669,0.42,Ideal,G,VS2,61.7,57.0,1087,4.83,4.8,2.97
43266,0.3,Premium,I,SI1,61.4,58.0,506,4.33,4.3,2.65
44303,0.56,Very Good,D,SI1,63.9,56.0,1578,5.2,5.26,3.34
36813,0.3,Good,G,IF,63.8,55.0,956,4.28,4.24,2.72
22110,1.87,Ideal,J,SI1,62.3,57.0,10137,7.88,7.82,4.89
30324,0.36,Very Good,G,VS1,61.2,60.0,726,4.56,4.59,2.8
7822,1.0,Very Good,D,SI2,63.3,60.0,4295,6.29,6.19,3.95
4029,0.75,Ideal,G,VVS2,61.3,55.0,3525,5.85,5.89,3.59
51473,0.73,Very Good,H,SI1,62.6,58.0,2377,5.75,5.76,3.6
27478,2.01,Very Good,H,SI1,59.1,58.0,18149,8.29,8.36,4.92
40828,0.5,Very Good,G,SI1,60.8,63.0,1171,5.08,5.11,3.1
25439,1.68,Very Good,G,VS2,62.7,58.0,14192,7.51,7.54,4.72
14830,1.01,Premium,E,SI1,60.0,59.0,5973,6.53,6.47,3.9
51354,0.72,Premium,F,SI1,62.0,60.0,2364,5.74,5.77,3.57
30054,0.41,Premium,G,SI1,61.7,59.0,719,4.71,4.73,2.91
11348,1.01,Premium,F,SI1,61.8,59.0,4989,6.41,6.34,3.94
35559,0.35,Premium,G,VS1,61.7,61.0,906,4.52,4.49,2.78
33416,0.32,Premium,H,VVS2,60.2,60.0,828,4.48,4.45,2.69
22079,1.75,Very Good,I,SI2,61.2,57.0,10098,7.71,7.76,4.73
38997,0.52,Ideal,H,SI2,61.0,55.0,1054,5.19,5.23,3.18
52192,0.7,Fair,G,VS2,64.9,57.0,2479,5.55,5.54,3.6
5276,1.13,Ideal,H,SI2,60.4,56.0,3797,6.78,6.7,4.07
21132,1.22,Premium,E,VS2,62.2,55.0,9292,6.91,6.85,4.28
50234,0.7,Ideal,G,SI2,62.6,55.0,2232,5.66,5.69,3.55
41614,0.27,Very Good,H,VVS1,61.2,57.0,504,4.15,4.18,2.55
42918,0.53,Good,F,SI1,63.8,58.0,1363,5.17,5.12,3.28
28267,0.28,Very Good,H,SI1,61.5,56.0,360,4.21,4.24,2.6
12869,1.26,Ideal,I,SI2,62.0,56.0,5363,7.0,6.94,4.32
26061,2.03,Ideal,I,SI1,61.8,57.0,15272,8.07,8.14,5.01
42672,0.51,Fair,F,VS2,61.0,66.0,1334,5.12,5.04,3.1
26939,1.5,Very Good,E,VS1,59.5,61.0,16988,7.43,7.46,4.43
5749,0.76,Premium,D,VS1,60.6,58.0,3894,5.95,5.89,3.59
38356,0.33,Ideal,F,VVS1,61.9,56.0,1021,4.47,4.42,2.75
22396,1.52,Ideal,I,IF,62.2,57.0,10419,7.27,7.33,4.54
49947,0.63,Good,F,VS1,61.6,60.7,2188,5.46,5.52,3.38
41109,0.59,Ideal,F,SI2,61.7,54.0,1195,5.38,5.44,3.34
51131,0.58,Ideal,F,VVS2,62.0,55.0,2340,5.32,5.4,3.31
4507,0.91,Very Good,E,SI2,62.5,59.0,3632,6.16,6.23,3.87
17259,1.04,Premium,F,VS2,61.9,58.0,6908,6.55,6.51,4.04
37738,0.4,Ideal,G,VVS1,60.2,60.0,997,4.78,4.82,2.89
19320,1.2,Premium,G,VS2,62.3,56.0,8030,6.8,6.68,4.2
8529,1.0,Good,D,SI2,58.1,65.0,4427,6.54,6.48,3.78
8648,1.0,Premium,F,SI2,61.1,61.0,4452,6.38,6.35,3.89
33317,0.35,Premium,D,SI1,61.0,60.0,827,4.58,4.54,2.78
48125,0.54,Ideal,E,VS1,62.0,56.0,1939,5.17,5.25,3.23
26032,0.32,Ideal,G,VS1,61.3,57.0,645,4.37,4.4,2.69
26374,2.02,Very Good,H,SI2,59.9,55.0,15851,8.17,8.28,4.93
24469,1.7,Premium,I,VS1,59.8,59.0,12737,7.79,7.7,4.63
36289,0.34,Premium,I,VS2,61.8,58.0,477,4.48,4.51,2.78
14541,1.18,Good,D,SI2,59.7,61.0,5871,6.83,6.88,4.09
42593,0.5,Very Good,E,SI1,60.9,58.0,1331,5.1,5.14,3.12
15838,1.01,Premium,E,VS2,60.2,58.0,6335,6.56,6.52,3.94
32823,0.34,Ideal,D,VS2,62.0,55.0,805,4.45,4.48,2.77
50685,0.62,Good,D,VS2,58.9,64.0,2288,5.62,5.55,3.29
10676,1.12,Ideal,J,SI1,62.4,57.0,4840,6.65,6.6,4.14
53661,0.71,Fair,F,VS1,57.3,67.0,2707,5.96,5.76,3.36
26258,2.16,Ideal,J,VS1,61.4,59.0,15714,8.27,8.33,5.1
14882,1.82,Fair,H,I1,67.3,58.0,5993,7.5,7.47,5.04
49101,0.52,Very Good,F,VVS2,62.1,58.0,2064,5.12,5.16,3.19
18183,1.14,Ideal,G,VS2,62.0,55.0,7371,6.68,6.77,4.17
843,0.79,Premium,E,SI2,61.0,58.0,2868,5.96,5.9,3.62
9184,1.08,Ideal,G,SI2,62.2,56.0,4544,6.56,6.59,4.09
36370,0.4,Ideal,E,VS1,61.2,55.0,940,4.76,4.79,2.92
47383,0.54,Premium,G,VS1,61.1,59.0,1847,5.26,5.22,3.2
28218,0.4,Premium,D,SI2,62.1,60.0,666,4.69,4.75,2.93
50824,0.71,Good,F,SI1,63.7,58.0,2308,5.65,5.62,3.59
24033,0.4,Ideal,J,VS1,61.5,58.0,633,4.73,4.76,2.92
17881,1.18,Ideal,H,VS1,64.9,58.0,7216,6.57,6.53,4.25
10045,0.31,Premium,I,SI1,59.6,58.0,418,4.39,4.44,2.63
27323,2.01,Premium,H,SI1,61.1,60.0,17849,8.15,8.11,4.97
40284,0.34,Ideal,I,VS2,61.1,55.0,495,4.51,4.55,2.77
10446,1.01,Ideal,E,SI2,62.2,56.0,4788,6.42,6.45,4.0
16296,1.22,Ideal,F,SI2,62.5,56.0,6518,6.85,6.81,4.27
31736,0.31,Ideal,H,IF,62.0,56.0,772,4.36,4.39,2.71
4476,0.92,Premium,H,SI1,62.4,58.0,3624,6.19,6.22,3.87
36044,0.45,Fair,F,VS2,67.0,56.0,923,4.77,4.7,3.17
39176,0.35,Ideal,D,VS2,60.6,56.0,1063,4.57,4.54,2.76
4760,0.81,Very Good,F,VS1,62.7,56.0,3689,5.92,5.98,3.73
30732,0.33,Ideal,D,VS1,61.7,55.0,739,4.47,4.48,2.76
14075,1.03,Ideal,E,SI1,62.0,53.0,5710,6.5,6.47,4.02
12423,1.0,Ideal,F,SI1,62.0,55.0,5239,6.39,6.44,3.98
29691,0.31,Ideal,H,VVS1,62.2,54.0,707,4.36,4.39,2.72
5502,0.74,Ideal,F,VS1,61.7,56.0,3845,5.79,5.87,3.6
51026,0.71,Ideal,H,SI1,60.7,59.0,2328,5.75,5.81,3.51
24522,1.57,Ideal,H,VS2,61.5,54.0,12809,7.47,7.5,4.61
38695,0.37,Premium,E,VS2,59.5,59.0,1041,4.71,4.64,2.78
4061,0.32,Good,D,SI2,64.1,54.0,571,4.37,4.34,2.79
7781,0.9,Ideal,F,SI1,61.5,56.0,4284,6.25,6.2,3.83
51870,0.71,Very Good,F,SI1,62.8,59.0,2427,5.62,5.66,3.54
31717,0.33,Ideal,E,VS1,62.3,53.8,771,4.42,4.44,2.76
22649,1.54,Ideal,D,SI1,63.0,54.0,10694,7.33,7.28,4.6
22377,0.31,Very Good,H,VS2,63.1,57.0,628,4.32,4.27,2.71
42645,0.5,Premium,H,VS2,60.9,59.0,1332,5.14,5.11,3.12
52212,0.7,Very Good,H,VS1,62.6,57.0,2482,5.64,5.73,3.56
10821,1.1,Ideal,I,SI1,60.8,61.0,4868,6.63,6.7,4.05
37255,0.31,Ideal,F,VVS2,62.4,55.0,977,4.36,4.33,2.71
12758,1.2,Very Good,I,VS1,63.1,58.0,5322,6.7,6.62,4.2
36613,0.32,Premium,G,SI1,62.6,58.0,477,4.31,4.35,2.71
40008,0.41,Premium,F,VS2,62.8,58.0,1107,4.73,4.69,2.96
50386,0.52,Ideal,F,VVS1,61.9,55.0,2251,5.17,5.2,3.21
17572,1.06,Ideal,F,VS2,61.0,57.0,7075,6.57,6.6,4.02
32593,0.3,Ideal,F,VVS1,61.8,54.0,802,4.33,4.37,2.69
34746,0.41,Very Good,H,SI1,63.3,56.0,876,4.74,4.71,2.99
13727,0.27,Ideal,E,VS2,62.7,55.0,603,4.18,4.15,2.61
6269,1.04,Very Good,F,SI2,63.2,58.0,4013,6.39,6.34,4.02
46693,0.56,Ideal,E,VS1,62.3,57.0,1791,5.3,5.26,3.29
34720,0.37,Premium,D,SI1,62.7,58.0,874,4.58,4.55,2.86
45482,0.51,Ideal,D,VS2,62.2,58.0,1678,5.1,5.12,3.18
28824,0.41,Premium,D,SI2,62.3,58.0,683,4.74,4.77,2.96
35449,0.32,Ideal,E,VS2,62.1,55.0,900,4.4,4.36,2.72
23455,1.91,Ideal,J,SI1,60.7,56.0,11447,8.01,8.09,4.89
24910,1.51,Very Good,G,VS1,61.8,57.0,13348,7.31,7.42,4.55
23504,1.25,Ideal,G,IF,60.2,54.0,11511,6.99,7.03,4.22
45061,0.57,Very Good,G,VS2,63.3,56.0,1641,5.3,5.25,3.34
51451,0.55,Premium,F,VS2,62.7,58.0,2376,5.28,5.25,3.3
32120,0.34,Very Good,E,VS1,62.3,53.0,784,4.47,4.52,2.8
4574,0.92,Premium,G,SI2,58.4,58.0,3648,6.4,6.34,3.73
44668,0.32,Ideal,H,VS2,61.5,55.0,523,4.41,4.44,2.72
50940,0.63,Ideal,G,VS2,61.9,58.0,2320,5.48,5.51,3.4
41769,0.44,Very Good,E,VS1,62.2,58.0,1246,4.8,4.85,3.0
10269,1.01,Ideal,E,SI2,59.2,56.0,4751,6.63,6.59,3.91
25720,2.06,Premium,E,SI2,58.8,58.0,14634,8.42,8.35,4.93
50396,0.59,Very Good,D,VS1,62.6,58.0,2254,5.34,5.39,3.36
49055,0.61,Very Good,I,IF,60.2,57.0,2057,5.49,5.58,3.33
9267,0.92,Very Good,E,SI1,62.1,58.0,4562,6.15,6.22,3.84
10466,0.94,Good,D,SI1,63.6,56.0,4790,6.25,6.2,3.96
18343,1.7,Good,I,SI2,63.6,59.0,7464,7.62,7.52,4.8
20756,1.53,Premium,E,SI2,58.9,59.0,8996,7.63,7.55,4.47
50376,0.53,Ideal,E,VVS2,62.5,57.0,2250,5.12,5.18,3.22
51173,0.73,Premium,F,SI1,59.3,61.0,2346,5.85,5.82,3.46
19677,1.51,Ideal,G,SI1,61.6,56.0,8283,7.34,7.25,4.5
12513,1.01,Very Good,H,VS2,63.2,58.0,5260,6.34,6.26,3.98
43806,0.51,Very Good,G,VS2,63.4,55.0,1443,5.06,5.03,3.2
44845,0.52,Ideal,F,VS2,61.1,56.0,1625,5.19,5.23,3.18
4773,0.94,Very Good,D,SI2,60.9,62.0,3691,6.22,6.3,3.81
18577,1.23,Premium,H,VS1,61.1,58.0,7577,6.91,6.86,4.21
22604,1.35,Ideal,G,VS1,62.7,57.0,10656,7.02,7.07,4.42
13478,1.2,Ideal,J,VS1,61.3,56.0,5534,6.83,6.87,4.2
13621,1.04,Ideal,I,VS1,61.4,58.0,5572,6.46,6.54,3.99
19462,1.02,Ideal,G,VVS2,59.2,58.0,8107,6.56,6.62,3.9
40890,0.56,Fair,F,SI1,61.6,61.0,1176,5.38,5.21,3.26
7673,1.0,Good,I,SI1,58.0,58.0,4273,6.56,6.62,3.82
18248,1.01,Ideal,F,VS1,60.8,57.0,7412,6.54,6.52,3.97
48062,0.55,Ideal,D,VS2,62.3,55.0,1928,5.24,5.29,3.28
6779,0.91,Good,D,SI1,63.1,61.0,4113,6.1,6.16,3.87
26354,0.32,Very Good,G,VS1,62.8,59.0,645,4.33,4.37,2.73
23308,1.56,Premium,H,VS1,62.0,57.0,11345,7.48,7.43,4.62
5091,1.02,Premium,F,SI2,62.5,58.0,3754,6.47,6.4,4.02
15540,1.31,Ideal,H,SI2,62.3,56.0,6225,7.0,6.97,4.35
47188,0.57,Ideal,G,VS1,62.2,54.0,1837,5.31,5.33,3.31
25820,2.09,Ideal,I,SI2,63.0,57.0,14838,8.13,8.09,5.11
44626,0.57,Ideal,G,VS2,61.6,57.0,1608,5.32,5.36,3.29
43258,0.5,Ideal,G,VS2,61.6,55.0,1400,5.11,5.14,3.16
48370,0.71,Premium,G,SI2,62.4,59.0,1963,5.67,5.61,3.52
40106,0.33,Premium,G,VVS1,62.1,58.0,1114,4.43,4.4,2.74
49539,0.72,Fair,E,SI2,68.4,64.0,2125,5.38,5.32,3.66
43519,0.61,Ideal,F,SI2,61.3,55.0,1424,5.47,5.55,3.38
9562,1.1,Premium,E,SI2,60.9,60.0,4622,6.66,6.61,4.04
32011,0.31,Ideal,D,VVS2,61.9,55.0,777,4.36,4.39,2.71
915,0.7,Premium,F,VS1,60.4,60.0,2879,5.73,5.7,3.45
31143,0.38,Very Good,G,SI1,62.0,54.8,755,4.64,4.67,2.89
25293,1.51,Premium,F,VS2,62.9,61.0,13945,7.31,7.22,4.57
48330,0.34,Premium,H,SI2,58.6,62.0,536,4.62,4.6,2.7
51425,0.71,Fair,D,SI1,66.3,56.0,2372,5.61,5.49,3.68
25681,0.31,Ideal,F,VS1,61.5,54.0,642,4.36,4.39,2.69
8587,0.9,Very Good,D,SI1,60.9,57.0,4438,6.22,6.26,3.8
29350,0.31,Ideal,G,VS2,61.8,57.0,698,4.36,4.34,2.69
37264,0.32,Premium,J,SI1,63.0,58.0,480,4.35,4.32,2.73
42907,0.39,Premium,E,VVS1,60.7,58.0,1362,4.73,4.69,2.86
382,0.8,Good,G,SI1,62.7,57.0,2810,5.84,5.93,3.69
25892,2.02,Premium,G,SI2,63.0,59.0,15014,8.05,7.95,5.03
463,0.7,Premium,E,VS2,62.4,61.0,2818,5.66,5.63,3.52
10675,1.07,Ideal,H,SI2,62.4,55.0,4840,6.56,6.59,4.1
1843,0.71,Premium,E,VS2,62.0,61.0,3062,5.71,5.65,3.52
44286,0.52,Premium,H,VS1,61.4,57.0,1577,5.27,5.16,3.2
18738,1.34,Very Good,H,SI1,61.6,59.0,7655,7.04,7.09,4.35
46128,0.51,Ideal,F,VS1,62.5,55.0,1744,5.08,5.13,3.19
10154,1.1,Premium,D,SI2,62.4,58.0,4725,6.6,6.57,4.11
18484,1.5,Premium,I,SI2,62.5,61.0,7526,7.29,7.24,4.54
5978,1.12,Good,J,SI1,63.7,61.0,3951,6.54,6.5,4.15
11762,1.2,Premium,I,SI2,60.0,58.0,5080,6.93,6.91,4.15
42278,0.23,Very Good,F,VVS1,63.2,58.0,505,3.89,3.93,2.47
30166,0.4,Good,D,SI1,63.1,57.0,720,4.69,4.73,2.97
1794,0.77,Ideal,F,VS2,61.2,57.0,3052,5.93,5.97,3.64
39088,0.51,Good,H,SI2,56.7,60.0,1060,5.38,5.35,3.04
12928,1.01,Good,E,SI1,64.3,59.0,5379,6.23,6.28,4.02
269,0.76,Premium,H,VVS2,59.6,57.0,2792,5.91,5.86,3.51
28494,0.3,Ideal,E,VS2,61.5,55.0,673,4.3,4.34,2.66
46925,0.52,Premium,G,VS1,61.1,58.0,1815,5.19,5.16,3.16
17725,0.26,Very Good,E,VVS2,62.9,56.0,614,4.07,4.1,2.57
22802,1.51,Premium,I,VVS1,61.0,61.0,10824,7.47,7.34,4.52
38543,0.34,Ideal,D,VS2,61.3,57.0,1033,4.5,4.47,2.75
47783,0.7,Fair,J,VS2,67.4,58.0,1896,5.34,5.37,3.61
25012,2.05,Premium,J,VS2,62.3,60.0,13543,8.09,8.15,5.06
36551,0.4,Premium,E,SI1,60.1,59.0,945,4.82,4.76,2.88
10563,1.01,Good,F,SI1,61.6,63.0,4816,6.42,6.47,3.97
37897,0.41,Ideal,G,VVS2,61.8,56.0,1007,4.74,4.78,2.94
32839,0.46,Ideal,G,SI2,61.1,57.0,807,4.97,5.01,3.05
45186,0.51,Ideal,E,VS2,61.7,54.0,1656,5.13,5.18,3.18
39250,0.41,Ideal,G,VVS1,62.4,53.0,1068,4.79,4.8,2.99
31932,0.3,Ideal,F,VS2,60.7,56.0,776,4.34,4.32,2.63
32979,0.37,Ideal,F,VS1,61.1,57.0,811,4.61,4.65,2.83
20242,1.24,Good,G,VS2,61.3,57.0,8672,6.78,6.88,4.19
51500,0.7,Very Good,F,SI1,62.4,58.0,2382,5.64,5.7,3.54
16148,1.09,Very Good,G,VS1,59.7,63.0,6453,6.65,6.74,4.0
18353,1.01,Premium,G,VVS2,61.7,59.0,7466,6.44,6.37,3.95
48008,0.52,Ideal,D,VS2,61.9,57.0,1919,5.17,5.14,3.19
11439,1.03,Ideal,H,SI1,62.2,56.0,5005,6.45,6.51,4.03
32137,0.36,Ideal,F,VS2,60.5,57.0,786,4.61,4.65,2.8
4120,0.9,Very Good,G,SI2,62.4,55.0,3539,6.13,6.17,3.84
7744,1.24,Premium,E,SI2,60.8,57.0,4278,6.98,6.94,4.23
24759,1.5,Premium,G,VS2,60.5,59.0,13112,7.39,7.35,4.46
5429,0.94,Premium,E,SI2,60.4,59.0,3825,6.34,6.37,3.84
1006,0.79,Ideal,G,SI1,62.3,57.0,2898,5.9,5.85,3.66
48761,0.5,Ideal,F,VVS2,62.0,56.0,2016,5.08,5.05,3.14
8787,1.0,Ideal,H,SI1,61.4,55.0,4469,6.49,6.44,3.97
43593,0.31,Ideal,H,VS2,62.0,55.0,507,4.36,4.38,2.71
18125,1.44,Fair,H,VS1,58.1,69.0,7338,7.49,7.34,4.32
18122,1.23,Ideal,E,SI2,62.1,55.0,7336,6.91,6.84,4.27
14515,1.14,Ideal,I,VS1,61.7,53.0,5863,6.75,6.77,4.17
52881,0.54,Ideal,D,VVS2,61.6,54.0,2583,5.25,5.27,3.24
730,0.32,Good,E,VS2,64.1,54.0,556,4.34,4.37,2.79
24386,0.41,Good,E,SI2,63.5,55.0,638,4.69,4.73,2.99
25411,2.04,Ideal,J,SI1,61.7,57.0,14130,8.11,8.17,5.02
18747,1.52,Ideal,I,SI2,60.2,57.0,7661,7.47,7.38,4.47
3185,1.02,Good,I,SI2,57.1,62.0,3342,6.66,6.58,3.78
40354,0.43,Ideal,G,VVS2,61.4,55.0,1129,4.88,4.83,2.98
9633,0.92,Premium,E,SI1,61.7,57.0,4637,6.32,6.2,3.86
3132,0.73,Ideal,E,VS1,62.8,57.0,3327,5.75,5.78,3.62
46317,0.3,Good,E,SI1,63.1,53.0,526,4.27,4.32,2.71
1040,0.74,Very Good,D,VS2,62.4,57.0,2906,5.74,5.8,3.6
13364,0.24,Very Good,F,VS2,61.9,59.0,419,3.98,4.0,2.47
3662,0.82,Very Good,I,VVS1,62.8,58.0,3443,5.95,5.99,3.75
53403,0.71,Ideal,F,SI2,61.8,57.0,2667,5.69,5.72,3.53
45044,0.53,Ideal,F,SI1,61.5,56.0,1639,5.2,5.24,3.21
12145,1.2,Ideal,I,SI1,62.2,56.0,5174,6.75,6.73,4.19
25581,1.52,Premium,G,VS1,61.9,58.0,14424,7.38,7.35,4.56
26992,2.05,Premium,E,SI2,59.7,59.0,17081,8.27,8.39,4.97
39724,0.5,Good,E,SI1,63.7,59.0,1090,5.07,5.01,3.21
42376,0.43,Ideal,H,IF,62.2,55.0,1304,4.87,4.84,3.02
44126,0.5,Premium,E,VS2,62.6,58.0,1559,5.07,5.12,3.19
16452,1.2,Ideal,H,SI1,62.2,58.0,6569,6.81,6.77,4.22
50442,0.7,Very Good,E,SI2,62.6,55.0,2263,5.62,5.69,3.54
48679,0.51,Ideal,G,VVS1,62.6,57.0,2005,5.08,5.14,3.2
50406,0.73,Premium,E,SI2,62.2,55.0,2256,5.81,5.71,3.58
46011,0.52,Ideal,E,VS1,61.3,56.0,1726,5.18,5.22,3.19
11616,1.08,Ideal,H,SI2,61.4,57.0,5049,6.6,6.66,4.07
53164,0.84,Premium,H,SI2,61.3,58.0,2628,6.1,6.04,3.72
34697,0.3,Ideal,F,IF,60.9,57.0,873,4.35,4.38,2.66
5735,0.92,Good,D,SI2,63.3,59.0,3891,6.12,6.18,3.89
53787,0.73,Premium,F,SI1,62.2,56.0,2728,5.79,5.73,3.58
31519,0.34,Premium,E,SI1,60.7,60.0,765,4.51,4.48,2.73
6926,0.91,Premium,E,SI1,62.6,58.0,4138,6.17,6.14,3.85
2758,0.9,Fair,G,SI1,65.2,59.0,3250,6.05,6.01,3.93
19940,1.66,Premium,J,SI1,60.7,58.0,8487,7.72,7.63,4.66
7639,1.06,Ideal,H,SI2,60.6,59.0,4267,6.63,6.6,4.01
35601,0.31,Ideal,H,VVS1,61.6,55.0,907,4.38,4.35,2.69
36058,0.31,Very Good,G,IF,61.7,54.0,924,4.33,4.36,2.68
47388,0.54,Ideal,E,VS2,61.9,55.0,1847,5.24,5.2,3.23
50933,0.71,Ideal,I,SI1,61.0,56.0,2319,5.75,5.78,3.52
31179,0.32,Good,E,VS1,60.3,64.0,756,4.42,4.44,2.67
28172,0.36,Good,H,SI1,63.6,57.0,665,4.53,4.49,2.87
1170,0.9,Premium,H,SI2,59.5,60.0,2927,6.32,6.29,3.75
430,0.76,Premium,E,SI1,62.2,59.0,2814,5.86,5.81,3.63
52614,0.57,Ideal,D,VS2,61.3,56.0,2546,5.35,5.42,3.3
4305,1.01,Very Good,H,SI2,63.4,57.0,3592,6.39,6.32,4.03
32510,0.4,Good,E,SI2,64.2,57.0,798,4.7,4.68,3.01
13371,0.24,Very Good,D,VS1,61.4,58.0,419,3.99,4.02,2.46
34978,0.25,Ideal,H,VS2,61.0,55.0,472,4.11,4.09,2.5
44032,0.5,Very Good,E,VS2,61.8,57.0,1547,5.05,5.11,3.14
544,0.72,Premium,F,VS1,62.2,58.0,2829,5.75,5.7,3.56
18425,1.0,Good,G,VVS2,60.9,56.0,7492,6.49,6.52,3.96
39449,0.5,Good,E,SI2,63.3,56.0,1077,5.05,5.09,3.21
23337,1.04,Premium,E,VVS1,60.9,58.0,11382,6.61,6.53,4.0
411,0.34,Ideal,I,VS1,61.8,55.0,555,4.48,4.52,2.78
40888,0.56,Premium,G,SI1,61.7,58.0,1176,5.31,5.29,3.27
45473,0.5,Ideal,E,VS2,62.3,57.0,1676,5.08,5.04,3.15
28003,0.3,Premium,E,VS2,61.6,58.0,658,4.31,4.33,2.66
23336,1.58,Premium,G,VS1,60.8,58.0,11380,7.58,7.52,4.59
16275,1.02,Ideal,F,VS2,62.9,57.0,6509,6.42,6.33,4.01
6194,0.9,Very Good,D,SI1,62.4,63.0,3997,6.18,6.15,3.85
30815,0.39,Good,G,VS2,60.3,60.6,743,4.7,4.71,2.84
813,0.71,Premium,D,SI1,60.6,58.0,2863,5.79,5.77,3.5
19141,1.12,Premium,F,VS1,61.2,58.0,7903,6.72,6.68,4.1
32520,0.35,Ideal,G,VVS2,61.0,57.0,798,4.54,4.58,2.78
41098,0.58,Ideal,I,SI1,61.4,55.0,1193,5.37,5.42,3.31
20965,1.01,Very Good,F,VVS1,63.2,56.0,9176,6.39,6.33,4.02
29669,0.35,Very Good,G,VS1,60.7,61.0,706,4.54,4.58,2.77
45567,0.52,Ideal,E,VS2,59.5,57.0,1689,5.25,5.27,3.13
12396,1.13,Ideal,F,SI2,61.8,57.0,5232,6.71,6.68,4.14
2680,0.77,Very Good,G,VS1,62.3,58.0,3240,5.82,5.86,3.64
38337,0.51,Premium,J,SI1,62.6,59.0,1020,5.1,5.06,3.18
20238,1.5,Premium,H,SI1,61.6,58.0,8669,7.33,7.38,4.53
28586,0.3,Good,G,VS2,63.9,55.0,675,4.28,4.27,2.73
21993,1.07,Ideal,F,VVS2,62.3,57.0,10061,6.56,6.58,4.09
18862,1.17,Premium,G,SI1,62.6,55.0,7731,6.75,6.7,4.21
6955,1.0,Premium,H,SI1,61.7,59.0,4144,6.41,6.36,3.94
32479,0.35,Ideal,F,VVS2,61.6,58.0,795,4.5,4.53,2.78
51392,0.71,Fair,D,VS2,55.6,73.0,2368,6.01,5.96,3.33
43588,0.56,Premium,H,VS2,62.2,60.0,1432,5.28,5.23,3.27
46973,0.38,Good,I,SI1,63.7,57.0,529,4.63,4.57,2.93
39919,0.41,Ideal,D,VS1,62.4,56.0,1105,4.75,4.8,2.98
25043,0.3,Good,F,SI1,63.6,55.0,641,4.33,4.28,2.74
3699,0.9,Very Good,E,SI2,64.2,54.0,3449,6.08,6.11,3.91
46466,0.7,Premium,J,VS2,62.0,62.0,1775,5.63,5.59,3.48
431,0.76,Ideal,E,SI1,61.7,57.0,2814,5.88,5.85,3.62
26782,2.06,Ideal,I,SI1,61.9,56.0,16626,8.17,8.19,5.06
33037,0.32,Ideal,G,VVS1,61.6,55.0,814,4.43,4.47,2.74
18608,1.54,Premium,J,SI1,61.2,59.0,7589,7.45,7.41,4.55
26835,2.01,Good,E,SI2,60.0,64.0,16733,8.17,8.09,4.88
12355,1.24,Very Good,H,SI2,61.0,59.0,5231,6.93,7.0,4.25
34828,0.3,Ideal,H,VVS1,63.0,54.0,878,4.3,4.27,2.7
39733,0.53,Very Good,G,SI2,60.9,55.0,1092,5.26,5.29,3.21
4041,1.24,Premium,E,I1,61.1,62.0,3528,6.91,6.86,4.21
42342,0.41,Good,E,VVS1,64.1,55.0,1298,4.71,4.68,3.01
13610,1.02,Premium,H,VS1,62.1,59.0,5569,6.43,6.38,3.98
15400,1.06,Very Good,E,SI1,59.8,56.0,6169,6.63,6.67,3.98
33230,0.33,Ideal,D,VS2,61.1,56.0,822,4.5,4.54,2.76
20760,1.07,Ideal,E,VS1,60.0,58.0,8998,6.66,6.7,4.01
53808,0.72,Very Good,G,VS2,63.1,57.0,2732,5.74,5.71,3.61
20789,1.52,Premium,E,SI2,60.8,60.0,9028,7.36,7.42,4.49
50854,0.7,Very Good,F,SI1,60.3,59.0,2312,5.73,5.78,3.47
36917,0.41,Premium,G,VS1,60.2,59.0,961,4.84,4.79,2.9
46638,0.3,Good,E,SI1,63.7,58.0,526,4.24,4.27,2.71
32791,0.33,Ideal,F,VS2,61.1,56.0,804,4.47,4.5,2.74
42690,0.5,Ideal,E,SI1,60.6,59.0,1337,5.13,5.16,3.12
12185,1.21,Premium,G,SI2,59.1,55.0,5184,7.04,6.98,4.14
33793,0.4,Premium,I,VVS1,62.7,59.0,842,4.67,4.71,2.94
27509,2.19,Premium,E,SI2,62.4,61.0,18232,8.31,8.23,5.16
50618,0.31,Ideal,J,VS2,61.8,54.1,400,4.35,4.38,2.7
10152,1.1,Premium,I,SI1,61.2,61.0,4725,6.66,6.61,4.01
24466,1.3,Ideal,F,VVS2,62.4,57.0,12734,6.97,6.9,4.33
51381,0.7,Premium,H,VS1,61.9,56.0,2367,5.7,5.67,3.52
38854,0.4,Ideal,G,VVS2,62.4,56.0,1050,4.68,4.64,2.91
40622,0.41,Premium,E,VS1,60.8,59.0,1153,4.82,4.76,2.91
27989,0.3,Very Good,E,VS2,61.8,58.0,658,4.26,4.28,2.64
45341,0.7,Premium,F,SI2,59.5,61.0,1662,5.78,5.68,3.41
29629,0.35,Premium,H,SI2,61.6,58.0,441,4.49,4.54,2.78
42973,0.41,Ideal,E,VVS1,61.7,56.0,1367,4.78,4.82,2.96
17980,1.07,Ideal,H,VVS1,61.7,56.0,7273,6.56,6.68,4.06
14812,1.04,Very Good,G,VS2,61.3,58.0,5964,6.45,6.53,3.98
21019,1.01,Premium,F,VVS2,60.4,59.0,9231,6.49,6.45,3.91
21004,1.51,Good,H,SI1,61.8,61.0,9218,7.25,7.32,4.5
35716,0.3,Ideal,D,VS2,60.8,57.0,911,4.34,4.31,2.63
21491,1.5,Ideal,I,VS2,62.6,57.0,9586,7.26,7.31,4.56
28609,0.3,Premium,E,SI1,61.7,56.0,675,4.29,4.27,2.64
50782,0.52,Premium,E,VVS1,59.8,58.0,2302,5.27,5.24,3.14
49641,0.32,Ideal,G,SI2,62.5,57.0,540,4.38,4.35,2.73
19663,1.51,Good,J,VS1,61.5,59.0,8271,7.26,7.31,4.48
50360,0.72,Premium,G,SI1,60.6,62.0,2246,5.81,5.77,3.51
32391,0.4,Very Good,E,VS2,60.4,63.0,791,4.68,4.72,2.84
17938,1.61,Premium,J,SI2,62.2,59.0,7245,7.52,7.47,4.66
52334,0.7,Premium,E,VS2,61.1,58.0,2496,5.78,5.7,3.51
15869,1.21,Ideal,H,SI2,62.1,58.0,6347,6.78,6.84,4.23
35049,0.42,Ideal,I,VVS1,62.4,57.0,884,4.79,4.83,3.0
8467,1.03,Good,F,SI2,59.0,59.0,4414,6.55,6.6,3.88
9368,0.32,Good,D,SI1,63.7,55.0,589,4.35,4.38,2.78
15424,1.01,Good,D,VS2,64.0,58.0,6176,6.3,6.24,4.01
33446,0.32,Premium,G,VS1,61.7,58.0,828,4.41,4.38,2.71
22086,1.59,Very Good,I,VS2,60.5,63.0,10106,7.52,7.45,4.53
41496,0.41,Very Good,E,VVS2,59.9,60.0,1233,4.8,4.82,2.88
43245,0.42,Ideal,E,VVS1,62.0,56.0,1400,4.78,4.84,2.98
32642,0.31,Ideal,H,VVS2,62.5,55.0,802,4.37,4.34,2.72
38849,0.4,Ideal,I,IF,62.2,56.0,1050,4.75,4.71,2.94
30920,0.34,Ideal,E,VS2,62.6,55.0,745,4.43,4.45,2.78
53746,1.0,Fair,G,I1,61.7,57.0,2723,6.39,6.28,3.91
3420,0.36,Premium,H,VS2,60.9,59.0,568,4.58,4.62,2.8
32953,0.35,Very Good,F,SI2,62.8,55.0,460,4.48,4.53,2.83
891,0.7,Premium,G,VVS2,61.8,58.0,2874,5.67,5.63,3.49
9063,1.2,Ideal,J,SI2,62.5,57.0,4516,6.8,6.74,4.23
41998,0.43,Ideal,D,VS1,61.9,55.0,1264,4.87,4.85,3.01
44612,0.53,Ideal,E,SI1,61.8,56.0,1607,5.21,5.17,3.21
30508,0.31,Ideal,D,SI1,63.0,55.0,732,4.34,4.32,2.73
24340,2.01,Ideal,I,SI1,62.9,55.0,12606,8.07,8.0,5.05
10854,1.03,Ideal,G,SI2,61.8,55.0,4873,6.5,6.52,4.02
30471,0.31,Very Good,D,SI1,63.5,57.0,732,4.32,4.28,2.73
40896,0.44,Ideal,H,IF,61.9,54.0,1177,4.9,4.95,3.05
23522,1.58,Ideal,I,VVS1,61.7,53.0,11526,7.52,7.53,4.65
47200,0.5,Ideal,G,VVS2,61.2,56.0,1838,5.1,5.13,3.13
43351,0.5,Very Good,E,VS2,61.3,62.0,1407,5.05,5.1,3.11
5170,0.9,Very Good,H,SI1,61.7,57.0,3772,6.21,6.26,3.85
23792,2.08,Premium,H,SI2,60.0,60.0,11851,8.31,8.28,4.98
10714,0.31,Premium,D,SI2,60.1,60.0,593,4.41,4.38,2.64
52619,0.7,Very Good,H,SI1,61.1,56.0,2548,5.72,5.76,3.51
18398,1.03,Ideal,E,VS1,59.5,57.0,7477,6.6,6.62,3.93
226,0.72,Premium,D,SI1,62.7,59.0,2782,5.73,5.69,3.58
51054,0.7,Premium,H,SI1,62.8,57.0,2331,5.66,5.61,3.54
46708,0.7,Very Good,F,SI2,63.2,59.0,1792,5.66,5.61,3.56
5229,1.02,Ideal,I,SI2,60.7,57.0,3786,6.54,6.57,3.98
1813,0.78,Very Good,E,SI1,60.9,57.0,3055,5.93,5.97,3.62
9264,1.01,Fair,F,SI1,65.9,60.0,4561,6.25,6.17,4.09
14412,1.23,Ideal,I,SI2,61.8,55.0,5820,6.87,6.91,4.26
18949,1.01,Ideal,D,VS2,62.7,57.0,7792,6.39,6.36,4.0
24415,2.23,Very Good,J,SI2,60.5,61.0,12655,8.4,8.47,5.1
35723,0.3,Ideal,D,VS2,61.8,55.0,911,4.34,4.3,2.67
16541,0.63,Ideal,D,IF,62.5,55.0,6607,5.5,5.47,3.43
30183,0.34,Ideal,H,VVS1,62.3,54.0,722,4.46,4.5,2.79
46193,0.52,Premium,D,VS2,62.4,58.0,1749,5.09,5.13,3.19
17279,1.29,Ideal,J,VVS1,61.2,56.0,6918,7.01,7.05,4.3
7707,1.04,Premium,G,SI2,60.9,58.0,4277,6.58,6.52,3.99
11842,1.01,Ideal,I,VS2,62.0,54.0,5099,6.43,6.47,4.0
17055,0.4,Ideal,J,SI1,61.6,56.0,612,4.72,4.77,2.93
25449,1.5,Premium,F,VS2,61.1,58.0,14199,7.36,7.33,4.49
39297,0.3,Ideal,H,VS2,62.3,57.0,491,4.27,4.3,2.67
53715,0.76,Ideal,F,SI1,62.6,57.0,2719,5.84,5.89,3.67
3862,0.72,Ideal,G,VS1,61.0,55.0,3478,5.81,5.83,3.55
6979,1.08,Very Good,J,SI2,62.5,60.0,4152,6.51,6.57,4.09
41336,0.48,Fair,E,VS2,64.9,54.0,1215,4.94,4.92,3.2
41051,0.5,Fair,E,VS2,65.0,58.0,1188,4.96,4.92,3.21
26588,2.01,Good,I,VS2,62.4,62.0,16304,7.91,7.99,4.96
2900,0.92,Premium,F,SI2,58.9,59.0,3282,6.38,6.35,3.75
51875,0.71,Very Good,H,VS1,62.8,59.0,2428,5.61,5.7,3.55
6130,1.17,Premium,F,I1,62.2,58.0,3984,6.76,6.72,4.19
33648,0.32,Very Good,F,VVS1,62.8,60.0,834,4.32,4.34,2.72
36248,0.41,Ideal,E,VS2,62.4,54.0,935,4.76,4.79,2.98
48513,0.6,Very Good,D,VS2,61.5,59.0,1984,5.4,5.43,3.33
46661,0.51,Ideal,D,VS2,61.9,55.0,1787,5.11,5.13,3.17
39417,0.41,Premium,F,VS1,61.2,57.0,1076,4.8,4.77,2.93
25810,2.01,Very Good,E,SI2,61.2,58.0,14813,8.05,8.07,4.93
9533,1.17,Ideal,J,SI1,62.1,57.0,4617,6.74,6.81,4.21
39309,0.7,Fair,G,I1,62.5,59.0,1069,5.65,5.48,3.48
16410,1.0,Good,F,VS1,57.8,59.0,6552,6.57,6.59,3.8
8742,0.9,Good,E,SI1,63.9,55.0,4463,6.08,6.13,3.9
24736,1.72,Premium,H,SI1,62.9,58.0,13078,7.63,7.59,4.79
21817,1.31,Ideal,G,VS1,62.2,56.0,9891,7.01,7.05,4.37
18522,1.6,Premium,J,SI1,62.2,58.0,7550,7.48,7.54,4.67
10277,1.0,Very Good,D,SI2,62.8,58.0,4753,6.33,6.37,3.99
35709,0.3,Premium,D,VS2,60.7,60.0,911,4.37,4.33,2.64
26487,2.16,Very Good,I,VS2,58.6,60.0,16080,8.48,8.55,4.99
21635,1.02,Very Good,F,VVS2,63.7,59.0,9728,6.34,6.38,4.05
16345,1.29,Very Good,I,VS2,61.8,58.0,6537,6.94,6.98,4.3
19773,1.51,Ideal,I,SI1,61.1,59.0,8342,7.4,7.37,4.51
20377,0.31,Ideal,H,VVS2,62.4,57.0,625,4.32,4.36,2.71
33251,0.45,Ideal,I,VS1,61.9,54.0,825,4.95,4.97,3.07
20769,1.2,Very Good,F,VS2,61.8,58.0,9007,6.75,6.78,4.18
25066,2.01,Good,I,SI1,64.1,62.0,13587,7.94,7.85,5.06
30644,0.42,Good,D,SI1,63.3,58.0,735,4.73,4.75,3.0
17396,0.32,Ideal,D,SI2,62.4,54.0,612,4.4,4.38,2.74
38937,0.4,Very Good,E,VS1,61.8,56.0,1053,4.74,4.77,2.94
16791,1.21,Ideal,I,VS1,61.5,58.0,6691,6.84,6.88,4.22
24713,0.3,Very Good,E,VS2,61.5,58.0,640,4.28,4.31,2.64
23585,1.24,Ideal,G,VVS2,61.1,56.0,11601,6.94,6.97,4.25
35208,0.33,Ideal,I,IF,61.6,55.0,891,4.47,4.46,2.75
15807,1.0,Ideal,E,SI1,62.4,55.0,6324,6.34,6.42,3.98
45885,0.58,Ideal,G,VS2,61.1,56.0,1719,5.4,5.43,3.31
22682,0.38,Ideal,J,VVS2,62.0,55.0,629,4.67,4.69,2.9
21430,1.18,Premium,G,VVS2,59.7,58.0,9537,6.94,6.9,4.13
